--------------------------------------------------------
--  ファイルを作成しました - 月曜日-12月-05-2022   
--------------------------------------------------------
--------------------------------------------------------
--  DDL for Sequence ADDRESSES_ID_SEQ
--------------------------------------------------------

   CREATE SEQUENCE  "SLSHOPV2"."ADDRESSES_ID_SEQ"  MINVALUE 1 MAXVALUE 9999999999999999999999999999 INCREMENT BY 1 START WITH 100 CACHE 20 NOORDER  NOCYCLE ;
--------------------------------------------------------
--  DDL for Sequence BRANDS_ID_SEQ
--------------------------------------------------------

   CREATE SEQUENCE  "SLSHOPV2"."BRANDS_ID_SEQ"  MINVALUE 1 MAXVALUE 9999999999999999999999999999 INCREMENT BY 1 START WITH 100 CACHE 20 NOORDER  NOCYCLE ;
--------------------------------------------------------
--  DDL for Sequence CART_ITEMS_ID_SEQ
--------------------------------------------------------

   CREATE SEQUENCE  "SLSHOPV2"."CART_ITEMS_ID_SEQ"  MINVALUE 1 MAXVALUE 9999999999999999999999999999 INCREMENT BY 1 START WITH 100 CACHE 20 NOORDER  NOCYCLE ;
--------------------------------------------------------
--  DDL for Sequence CATEGORIES_ID_SEQ
--------------------------------------------------------

   CREATE SEQUENCE  "SLSHOPV2"."CATEGORIES_ID_SEQ"  MINVALUE 1 MAXVALUE 9999999999999999999999999999 INCREMENT BY 1 START WITH 100 CACHE 20 NOORDER  NOCYCLE ;
--------------------------------------------------------
--  DDL for Sequence CUSTOMERS_ID_SEQ
--------------------------------------------------------

   CREATE SEQUENCE  "SLSHOPV2"."CUSTOMERS_ID_SEQ"  MINVALUE 1 MAXVALUE 9999999999999999999999999999 INCREMENT BY 1 START WITH 100 CACHE 20 NOORDER  NOCYCLE ;
--------------------------------------------------------
--  DDL for Sequence ORDERS_ID_SEQ
--------------------------------------------------------

   CREATE SEQUENCE  "SLSHOPV2"."ORDERS_ID_SEQ"  MINVALUE 1 MAXVALUE 9999999999999999999999999999 INCREMENT BY 1 START WITH 100 CACHE 20 NOORDER  NOCYCLE ;
--------------------------------------------------------
--  DDL for Sequence ORDER_DETAILS_ID_SEQ
--------------------------------------------------------

   CREATE SEQUENCE  "SLSHOPV2"."ORDER_DETAILS_ID_SEQ"  MINVALUE 1 MAXVALUE 9999999999999999999999999999 INCREMENT BY 1 START WITH 100 CACHE 20 NOORDER  NOCYCLE ;
--------------------------------------------------------
--  DDL for Sequence ORDER_TRACK_ID_SEQ
--------------------------------------------------------

   CREATE SEQUENCE  "SLSHOPV2"."ORDER_TRACK_ID_SEQ"  MINVALUE 1 MAXVALUE 9999999999999999999999999999 INCREMENT BY 1 START WITH 100 CACHE 20 NOORDER  NOCYCLE ;
--------------------------------------------------------
--  DDL for Sequence PRODUCTS_ID_SEQ
--------------------------------------------------------

   CREATE SEQUENCE  "SLSHOPV2"."PRODUCTS_ID_SEQ"  MINVALUE 1 MAXVALUE 9999999999999999999999999999 INCREMENT BY 1 START WITH 100 CACHE 20 NOORDER  NOCYCLE ;
--------------------------------------------------------
--  DDL for Sequence PRODUCT_DETAILS_ID_SEQ
--------------------------------------------------------

   CREATE SEQUENCE  "SLSHOPV2"."PRODUCT_DETAILS_ID_SEQ"  MINVALUE 1 MAXVALUE 9999999999999999999999999999 INCREMENT BY 1 START WITH 100 CACHE 20 NOORDER  NOCYCLE ;
--------------------------------------------------------
--  DDL for Sequence ROLES_ID_SEQ
--------------------------------------------------------

   CREATE SEQUENCE  "SLSHOPV2"."ROLES_ID_SEQ"  MINVALUE 1 MAXVALUE 9999999999999999999999999999 INCREMENT BY 1 START WITH 100 CACHE 20 NOORDER  NOCYCLE ;
--------------------------------------------------------
--  DDL for Sequence USERS_ID_SEQ
--------------------------------------------------------

   CREATE SEQUENCE  "SLSHOPV2"."USERS_ID_SEQ"  MINVALUE 1 MAXVALUE 9999999999999999999999999999 INCREMENT BY 1 START WITH 100 CACHE 20 NOORDER  NOCYCLE ;
--------------------------------------------------------
--  DDL for Table ADDRESSES
--------------------------------------------------------

  CREATE TABLE "SLSHOPV2"."ADDRESSES" 
   (	"ID" NUMBER(19,0), 
	"PHONE_NUMBER" VARCHAR2(15 CHAR), 
	"ADDRESS_LINE_1" VARCHAR2(64 CHAR), 
	"ADDRESS_LINE_2" VARCHAR2(64 CHAR), 
	"CITY" VARCHAR2(50 CHAR), 
	"STATE" VARCHAR2(50 CHAR), 
	"POSTAL_CODE" VARCHAR2(11 CHAR), 
	"CUSTOMER_ID" NUMBER(19,0), 
	"DEFAULT_ADDRESS" NUMBER(1,0)
   ) SEGMENT CREATION IMMEDIATE 
  PCTFREE 10 PCTUSED 40 INITRANS 1 MAXTRANS 255 NOCOMPRESS LOGGING
  STORAGE(INITIAL 65536 NEXT 1048576 MINEXTENTS 1 MAXEXTENTS 2147483645
  PCTINCREASE 0 FREELISTS 1 FREELIST GROUPS 1 BUFFER_POOL DEFAULT FLASH_CACHE DEFAULT CELL_FLASH_CACHE DEFAULT)
  TABLESPACE "SYSTEM" ;
--------------------------------------------------------
--  DDL for Table BRANDS
--------------------------------------------------------

  CREATE TABLE "SLSHOPV2"."BRANDS" 
   (	"ID" NUMBER(19,0), 
	"NAME" VARCHAR2(50 CHAR), 
	"LOGO" VARCHAR2(50 CHAR)
   ) SEGMENT CREATION IMMEDIATE 
  PCTFREE 10 PCTUSED 40 INITRANS 1 MAXTRANS 255 NOCOMPRESS LOGGING
  STORAGE(INITIAL 65536 NEXT 1048576 MINEXTENTS 1 MAXEXTENTS 2147483645
  PCTINCREASE 0 FREELISTS 1 FREELIST GROUPS 1 BUFFER_POOL DEFAULT FLASH_CACHE DEFAULT CELL_FLASH_CACHE DEFAULT)
  TABLESPACE "SYSTEM" ;
--------------------------------------------------------
--  DDL for Table BRANDS_CATEGORIES
--------------------------------------------------------

  CREATE TABLE "SLSHOPV2"."BRANDS_CATEGORIES" 
   (	"BRAND_ID" NUMBER(19,0), 
	"CATEGORY_ID" NUMBER(19,0)
   ) SEGMENT CREATION IMMEDIATE 
  PCTFREE 10 PCTUSED 40 INITRANS 1 MAXTRANS 255 NOCOMPRESS LOGGING
  STORAGE(INITIAL 65536 NEXT 1048576 MINEXTENTS 1 MAXEXTENTS 2147483645
  PCTINCREASE 0 FREELISTS 1 FREELIST GROUPS 1 BUFFER_POOL DEFAULT FLASH_CACHE DEFAULT CELL_FLASH_CACHE DEFAULT)
  TABLESPACE "SYSTEM" ;
--------------------------------------------------------
--  DDL for Table CART_ITEMS
--------------------------------------------------------

  CREATE TABLE "SLSHOPV2"."CART_ITEMS" 
   (	"ID" NUMBER(19,0), 
	"CUSTOMER_ID" NUMBER(19,0), 
	"PRODUCT_ID" NUMBER(19,0), 
	"QUANTITY" NUMBER(10,0)
   ) SEGMENT CREATION IMMEDIATE 
  PCTFREE 10 PCTUSED 40 INITRANS 1 MAXTRANS 255 NOCOMPRESS LOGGING
  STORAGE(INITIAL 65536 NEXT 1048576 MINEXTENTS 1 MAXEXTENTS 2147483645
  PCTINCREASE 0 FREELISTS 1 FREELIST GROUPS 1 BUFFER_POOL DEFAULT FLASH_CACHE DEFAULT CELL_FLASH_CACHE DEFAULT)
  TABLESPACE "SYSTEM" ;
--------------------------------------------------------
--  DDL for Table CATEGORIES
--------------------------------------------------------

  CREATE TABLE "SLSHOPV2"."CATEGORIES" 
   (	"ID" NUMBER(19,0), 
	"NAME" VARCHAR2(50 CHAR), 
	"IMAGE" VARCHAR2(255 CHAR), 
	"ALL_PARENT_IDS" VARCHAR2(255 CHAR), 
	"PARENT_ID" NUMBER(19,0)
   ) SEGMENT CREATION IMMEDIATE 
  PCTFREE 10 PCTUSED 40 INITRANS 1 MAXTRANS 255 NOCOMPRESS LOGGING
  STORAGE(INITIAL 65536 NEXT 1048576 MINEXTENTS 1 MAXEXTENTS 2147483645
  PCTINCREASE 0 FREELISTS 1 FREELIST GROUPS 1 BUFFER_POOL DEFAULT FLASH_CACHE DEFAULT CELL_FLASH_CACHE DEFAULT)
  TABLESPACE "SYSTEM" ;
--------------------------------------------------------
--  DDL for Table CUSTOMERS
--------------------------------------------------------

  CREATE TABLE "SLSHOPV2"."CUSTOMERS" 
   (	"ID" NUMBER(19,0), 
	"EMAIL" VARCHAR2(255 CHAR), 
	"PASSWORD" VARCHAR2(64 CHAR), 
	"FIRST_NAME" VARCHAR2(50 CHAR), 
	"LAST_NAME" VARCHAR2(50 CHAR), 
	"ENABLED" NUMBER(1,0)
   ) SEGMENT CREATION IMMEDIATE 
  PCTFREE 10 PCTUSED 40 INITRANS 1 MAXTRANS 255 NOCOMPRESS LOGGING
  STORAGE(INITIAL 65536 NEXT 1048576 MINEXTENTS 1 MAXEXTENTS 2147483645
  PCTINCREASE 0 FREELISTS 1 FREELIST GROUPS 1 BUFFER_POOL DEFAULT FLASH_CACHE DEFAULT CELL_FLASH_CACHE DEFAULT)
  TABLESPACE "SYSTEM" ;
--------------------------------------------------------
--  DDL for Table ORDERS
--------------------------------------------------------

  CREATE TABLE "SLSHOPV2"."ORDERS" 
   (	"ID" NUMBER(19,0), 
	"ORDER_TIME" TIMESTAMP (6), 
	"TOTAL" NUMBER(10,0), 
	"DELIVER_DAYS" NUMBER(10,0), 
	"DELIVER_DATE" DATE, 
	"PAYMENT_METHOD" VARCHAR2(255 CHAR), 
	"STATUS" VARCHAR2(255 CHAR), 
	"CUSTOMER_ID" NUMBER(19,0)
   ) SEGMENT CREATION IMMEDIATE 
  PCTFREE 10 PCTUSED 40 INITRANS 1 MAXTRANS 255 NOCOMPRESS LOGGING
  STORAGE(INITIAL 65536 NEXT 1048576 MINEXTENTS 1 MAXEXTENTS 2147483645
  PCTINCREASE 0 FREELISTS 1 FREELIST GROUPS 1 BUFFER_POOL DEFAULT FLASH_CACHE DEFAULT CELL_FLASH_CACHE DEFAULT)
  TABLESPACE "SYSTEM" ;
--------------------------------------------------------
--  DDL for Table ORDER_DETAILS
--------------------------------------------------------

  CREATE TABLE "SLSHOPV2"."ORDER_DETAILS" 
   (	"ID" NUMBER(19,0), 
	"QUANTITY" NUMBER(10,0), 
	"PRICE" NUMBER(10,0), 
	"SUBTOTAL" NUMBER(10,0), 
	"PRODUCT_ID" NUMBER(19,0), 
	"ORDER_ID" NUMBER(19,0)
   ) SEGMENT CREATION IMMEDIATE 
  PCTFREE 10 PCTUSED 40 INITRANS 1 MAXTRANS 255 NOCOMPRESS LOGGING
  STORAGE(INITIAL 65536 NEXT 1048576 MINEXTENTS 1 MAXEXTENTS 2147483645
  PCTINCREASE 0 FREELISTS 1 FREELIST GROUPS 1 BUFFER_POOL DEFAULT FLASH_CACHE DEFAULT CELL_FLASH_CACHE DEFAULT)
  TABLESPACE "SYSTEM" ;
--------------------------------------------------------
--  DDL for Table ORDER_TRACK
--------------------------------------------------------

  CREATE TABLE "SLSHOPV2"."ORDER_TRACK" 
   (	"ID" NUMBER(19,0), 
	"NOTES" VARCHAR2(255 CHAR), 
	"UPDATED_TIME" DATE, 
	"STATUS" VARCHAR2(64 CHAR), 
	"ORDER_ID" NUMBER(19,0)
   ) SEGMENT CREATION IMMEDIATE 
  PCTFREE 10 PCTUSED 40 INITRANS 1 MAXTRANS 255 NOCOMPRESS LOGGING
  STORAGE(INITIAL 65536 NEXT 1048576 MINEXTENTS 1 MAXEXTENTS 2147483645
  PCTINCREASE 0 FREELISTS 1 FREELIST GROUPS 1 BUFFER_POOL DEFAULT FLASH_CACHE DEFAULT CELL_FLASH_CACHE DEFAULT)
  TABLESPACE "SYSTEM" ;
--------------------------------------------------------
--  DDL for Table PRODUCTS
--------------------------------------------------------

  CREATE TABLE "SLSHOPV2"."PRODUCTS" 
   (	"ID" NUMBER(19,0), 
	"NAME" VARCHAR2(255 CHAR), 
	"DESCRIPTION" VARCHAR2(512 CHAR), 
	"IMAGE" VARCHAR2(255 CHAR), 
	"PRICE" NUMBER(10,0), 
	"LENGTH" FLOAT(126), 
	"WIDTH" FLOAT(126), 
	"HEIGHT" FLOAT(126), 
	"WEIGHT" FLOAT(126), 
	"ENABLED" NUMBER(1,0), 
	"IN_STOCK" NUMBER(1,0), 
	"BRAND_ID" NUMBER(19,0), 
	"CATEGORY_ID" NUMBER(19,0)
   ) SEGMENT CREATION IMMEDIATE 
  PCTFREE 10 PCTUSED 40 INITRANS 1 MAXTRANS 255 NOCOMPRESS LOGGING
  STORAGE(INITIAL 65536 NEXT 1048576 MINEXTENTS 1 MAXEXTENTS 2147483645
  PCTINCREASE 0 FREELISTS 1 FREELIST GROUPS 1 BUFFER_POOL DEFAULT FLASH_CACHE DEFAULT CELL_FLASH_CACHE DEFAULT)
  TABLESPACE "SYSTEM" ;
--------------------------------------------------------
--  DDL for Table PRODUCT_DETAILS
--------------------------------------------------------

  CREATE TABLE "SLSHOPV2"."PRODUCT_DETAILS" 
   (	"ID" NUMBER(19,0), 
	"NAME" VARCHAR2(255 CHAR), 
	"VALUE" VARCHAR2(255 CHAR), 
	"PRODUCT_ID" NUMBER(19,0)
   ) SEGMENT CREATION IMMEDIATE 
  PCTFREE 10 PCTUSED 40 INITRANS 1 MAXTRANS 255 NOCOMPRESS LOGGING
  STORAGE(INITIAL 65536 NEXT 1048576 MINEXTENTS 1 MAXEXTENTS 2147483645
  PCTINCREASE 0 FREELISTS 1 FREELIST GROUPS 1 BUFFER_POOL DEFAULT FLASH_CACHE DEFAULT CELL_FLASH_CACHE DEFAULT)
  TABLESPACE "SYSTEM" ;
--------------------------------------------------------
--  DDL for Table ROLES
--------------------------------------------------------

  CREATE TABLE "SLSHOPV2"."ROLES" 
   (	"ID" NUMBER(19,0), 
	"NAME" VARCHAR2(64 CHAR), 
	"DESCRIPTION" VARCHAR2(255 CHAR)
   ) SEGMENT CREATION IMMEDIATE 
  PCTFREE 10 PCTUSED 40 INITRANS 1 MAXTRANS 255 NOCOMPRESS LOGGING
  STORAGE(INITIAL 65536 NEXT 1048576 MINEXTENTS 1 MAXEXTENTS 2147483645
  PCTINCREASE 0 FREELISTS 1 FREELIST GROUPS 1 BUFFER_POOL DEFAULT FLASH_CACHE DEFAULT CELL_FLASH_CACHE DEFAULT)
  TABLESPACE "SYSTEM" ;
--------------------------------------------------------
--  DDL for Table USERS
--------------------------------------------------------

  CREATE TABLE "SLSHOPV2"."USERS" 
   (	"ID" NUMBER(19,0), 
	"EMAIL" VARCHAR2(255 CHAR), 
	"PASSWORD" VARCHAR2(64 CHAR), 
	"FIRST_NAME" VARCHAR2(50 CHAR), 
	"LAST_NAME" VARCHAR2(50 CHAR), 
	"PHOTOS" VARCHAR2(255 CHAR), 
	"ENABLED" NUMBER(1,0)
   ) SEGMENT CREATION IMMEDIATE 
  PCTFREE 10 PCTUSED 40 INITRANS 1 MAXTRANS 255 NOCOMPRESS LOGGING
  STORAGE(INITIAL 65536 NEXT 1048576 MINEXTENTS 1 MAXEXTENTS 2147483645
  PCTINCREASE 0 FREELISTS 1 FREELIST GROUPS 1 BUFFER_POOL DEFAULT FLASH_CACHE DEFAULT CELL_FLASH_CACHE DEFAULT)
  TABLESPACE "SYSTEM" ;
--------------------------------------------------------
--  DDL for Table USERS_ROLES
--------------------------------------------------------

  CREATE TABLE "SLSHOPV2"."USERS_ROLES" 
   (	"USER_ID" NUMBER(19,0), 
	"ROLE_ID" NUMBER(19,0)
   ) SEGMENT CREATION IMMEDIATE 
  PCTFREE 10 PCTUSED 40 INITRANS 1 MAXTRANS 255 NOCOMPRESS LOGGING
  STORAGE(INITIAL 65536 NEXT 1048576 MINEXTENTS 1 MAXEXTENTS 2147483645
  PCTINCREASE 0 FREELISTS 1 FREELIST GROUPS 1 BUFFER_POOL DEFAULT FLASH_CACHE DEFAULT CELL_FLASH_CACHE DEFAULT)
  TABLESPACE "SYSTEM" ;
REM INSERTING into SLSHOPV2.ADDRESSES
SET DEFINE OFF;
Insert into SLSHOPV2.ADDRESSES (ID,PHONE_NUMBER,ADDRESS_LINE_1,ADDRESS_LINE_2,CITY,STATE,POSTAL_CODE,CUSTOMER_ID,DEFAULT_ADDRESS) values (1,'070-0115-0458','山王1-3-9',null,'大田区','東京都','146-7264',1,1);
Insert into SLSHOPV2.ADDRESSES (ID,PHONE_NUMBER,ADDRESS_LINE_1,ADDRESS_LINE_2,CITY,STATE,POSTAL_CODE,CUSTOMER_ID,DEFAULT_ADDRESS) values (2,'080-9290-7747','日和が丘1-3-20','ロイヤルマンション611','石巻市','宮城県','983-9450',2,1);
REM INSERTING into SLSHOPV2.BRANDS
SET DEFINE OFF;
Insert into SLSHOPV2.BRANDS (ID,NAME,LOGO) values (1,'ブランドA','no-image-300.png');
Insert into SLSHOPV2.BRANDS (ID,NAME,LOGO) values (2,'ブランドB','no-image-300.png');
Insert into SLSHOPV2.BRANDS (ID,NAME,LOGO) values (3,'ブランドC','no-image-300.png');
REM INSERTING into SLSHOPV2.BRANDS_CATEGORIES
SET DEFINE OFF;
Insert into SLSHOPV2.BRANDS_CATEGORIES (BRAND_ID,CATEGORY_ID) values (1,1);
Insert into SLSHOPV2.BRANDS_CATEGORIES (BRAND_ID,CATEGORY_ID) values (1,2);
Insert into SLSHOPV2.BRANDS_CATEGORIES (BRAND_ID,CATEGORY_ID) values (1,3);
Insert into SLSHOPV2.BRANDS_CATEGORIES (BRAND_ID,CATEGORY_ID) values (1,4);
Insert into SLSHOPV2.BRANDS_CATEGORIES (BRAND_ID,CATEGORY_ID) values (1,5);
Insert into SLSHOPV2.BRANDS_CATEGORIES (BRAND_ID,CATEGORY_ID) values (1,6);
Insert into SLSHOPV2.BRANDS_CATEGORIES (BRAND_ID,CATEGORY_ID) values (1,7);
Insert into SLSHOPV2.BRANDS_CATEGORIES (BRAND_ID,CATEGORY_ID) values (1,8);
Insert into SLSHOPV2.BRANDS_CATEGORIES (BRAND_ID,CATEGORY_ID) values (1,9);
Insert into SLSHOPV2.BRANDS_CATEGORIES (BRAND_ID,CATEGORY_ID) values (1,10);
Insert into SLSHOPV2.BRANDS_CATEGORIES (BRAND_ID,CATEGORY_ID) values (2,11);
Insert into SLSHOPV2.BRANDS_CATEGORIES (BRAND_ID,CATEGORY_ID) values (2,12);
Insert into SLSHOPV2.BRANDS_CATEGORIES (BRAND_ID,CATEGORY_ID) values (2,13);
Insert into SLSHOPV2.BRANDS_CATEGORIES (BRAND_ID,CATEGORY_ID) values (2,14);
Insert into SLSHOPV2.BRANDS_CATEGORIES (BRAND_ID,CATEGORY_ID) values (2,15);
Insert into SLSHOPV2.BRANDS_CATEGORIES (BRAND_ID,CATEGORY_ID) values (2,16);
Insert into SLSHOPV2.BRANDS_CATEGORIES (BRAND_ID,CATEGORY_ID) values (2,17);
Insert into SLSHOPV2.BRANDS_CATEGORIES (BRAND_ID,CATEGORY_ID) values (2,18);
Insert into SLSHOPV2.BRANDS_CATEGORIES (BRAND_ID,CATEGORY_ID) values (3,1);
Insert into SLSHOPV2.BRANDS_CATEGORIES (BRAND_ID,CATEGORY_ID) values (3,2);
Insert into SLSHOPV2.BRANDS_CATEGORIES (BRAND_ID,CATEGORY_ID) values (3,6);
Insert into SLSHOPV2.BRANDS_CATEGORIES (BRAND_ID,CATEGORY_ID) values (3,11);
Insert into SLSHOPV2.BRANDS_CATEGORIES (BRAND_ID,CATEGORY_ID) values (3,15);
Insert into SLSHOPV2.BRANDS_CATEGORIES (BRAND_ID,CATEGORY_ID) values (3,16);
Insert into SLSHOPV2.BRANDS_CATEGORIES (BRAND_ID,CATEGORY_ID) values (3,17);
REM INSERTING into SLSHOPV2.CART_ITEMS
SET DEFINE OFF;
REM INSERTING into SLSHOPV2.CATEGORIES
SET DEFINE OFF;
Insert into SLSHOPV2.CATEGORIES (ID,NAME,IMAGE,ALL_PARENT_IDS,PARENT_ID) values (1,'文房具・オフィス用品','Stationery-and-OfficeProducts.png',null,null);
Insert into SLSHOPV2.CATEGORIES (ID,NAME,IMAGE,ALL_PARENT_IDS,PARENT_ID) values (2,'オフィス家具・収納','Office-Furniture-and-Storage.png','-1-',1);
Insert into SLSHOPV2.CATEGORIES (ID,NAME,IMAGE,ALL_PARENT_IDS,PARENT_ID) values (3,'オフィスチェア','OfficeChairs.png','-1-2-',2);
Insert into SLSHOPV2.CATEGORIES (ID,NAME,IMAGE,ALL_PARENT_IDS,PARENT_ID) values (4,'デスク','Desks.png','-1-2-',2);
Insert into SLSHOPV2.CATEGORIES (ID,NAME,IMAGE,ALL_PARENT_IDS,PARENT_ID) values (5,'袖机','SleeveDesks.png','-1-2-',2);
Insert into SLSHOPV2.CATEGORIES (ID,NAME,IMAGE,ALL_PARENT_IDS,PARENT_ID) values (6,'ファイルキャビネット','FileCabinets.png','-1-2-',2);
Insert into SLSHOPV2.CATEGORIES (ID,NAME,IMAGE,ALL_PARENT_IDS,PARENT_ID) values (7,'筆記具','WritingInstruments.png','-1-',1);
Insert into SLSHOPV2.CATEGORIES (ID,NAME,IMAGE,ALL_PARENT_IDS,PARENT_ID) values (8,'ペン','Pens.png','-1-7-',7);
Insert into SLSHOPV2.CATEGORIES (ID,NAME,IMAGE,ALL_PARENT_IDS,PARENT_ID) values (9,'マーカー','Markers.png','-1-7-',7);
Insert into SLSHOPV2.CATEGORIES (ID,NAME,IMAGE,ALL_PARENT_IDS,PARENT_ID) values (10,'鉛筆','Pencils.png','-1-7-',7);
Insert into SLSHOPV2.CATEGORIES (ID,NAME,IMAGE,ALL_PARENT_IDS,PARENT_ID) values (11,'パソコン・周辺機器','Computers-and-Peripherals',null,null);
Insert into SLSHOPV2.CATEGORIES (ID,NAME,IMAGE,ALL_PARENT_IDS,PARENT_ID) values (12,'ノートパソコン','Laptops.png','-11-',11);
Insert into SLSHOPV2.CATEGORIES (ID,NAME,IMAGE,ALL_PARENT_IDS,PARENT_ID) values (13,'デスクトップ','Desktops.png','-11-',11);
Insert into SLSHOPV2.CATEGORIES (ID,NAME,IMAGE,ALL_PARENT_IDS,PARENT_ID) values (14,'ディスプレイ','Displays.png','-11-',11);
Insert into SLSHOPV2.CATEGORIES (ID,NAME,IMAGE,ALL_PARENT_IDS,PARENT_ID) values (15,'キーボード・マウス','Keyboards-and-Mice','-11-',11);
Insert into SLSHOPV2.CATEGORIES (ID,NAME,IMAGE,ALL_PARENT_IDS,PARENT_ID) values (16,'マウス','Mice.png','-11-15-',15);
Insert into SLSHOPV2.CATEGORIES (ID,NAME,IMAGE,ALL_PARENT_IDS,PARENT_ID) values (17,'パソコン用キーボード','PCKeyboards.png','-11-15-',15);
Insert into SLSHOPV2.CATEGORIES (ID,NAME,IMAGE,ALL_PARENT_IDS,PARENT_ID) values (18,'ゲーミングマウス','GamingMice.png','-11-15-',15);
Insert into SLSHOPV2.CATEGORIES (ID,NAME,IMAGE,ALL_PARENT_IDS,PARENT_ID) values (19,'ゲーミングキーボード','GamingKeyboards.png','-11-15-',15);
REM INSERTING into SLSHOPV2.CUSTOMERS
SET DEFINE OFF;
Insert into SLSHOPV2.CUSTOMERS (ID,EMAIL,PASSWORD,FIRST_NAME,LAST_NAME,ENABLED) values (1,'tyamada@example.com','$2a$10$Ys/9Y5kPkaK1c1ynULj87uCjbk3x2/sGsggfKoRDIh7te2Wa849AC','太郎','山田',1);
Insert into SLSHOPV2.CUSTOMERS (ID,EMAIL,PASSWORD,FIRST_NAME,LAST_NAME,ENABLED) values (2,'hsato@example.com','$2a$10$H/bfzNtr3RJeDnTrw2lu7uWaQAXvrbosqVGzYGecDfENitXJ9O/Ze','花子','佐藤',1);
REM INSERTING into SLSHOPV2.ORDERS
SET DEFINE OFF;
REM INSERTING into SLSHOPV2.ORDER_DETAILS
SET DEFINE OFF;
REM INSERTING into SLSHOPV2.ORDER_TRACK
SET DEFINE OFF;
REM INSERTING into SLSHOPV2.PRODUCTS
SET DEFINE OFF;
Insert into SLSHOPV2.PRODUCTS (ID,NAME,DESCRIPTION,IMAGE,PRICE,LENGTH,WIDTH,HEIGHT,WEIGHT,ENABLED,IN_STOCK,BRAND_ID,CATEGORY_ID) values (1,'YASUI-NOTEPC','性能を極限まで犠牲にしたため、価格を抑えています。','no-image-600.png',1000,1,1,1,1,1,1,2,12);
Insert into SLSHOPV2.PRODUCTS (ID,NAME,DESCRIPTION,IMAGE,PRICE,LENGTH,WIDTH,HEIGHT,WEIGHT,ENABLED,IN_STOCK,BRAND_ID,CATEGORY_ID) values (2,'ノートパソコン','普通のノートパソコンです。','no-image-600.png',200000,1,1,1,1,1,1,2,12);
Insert into SLSHOPV2.PRODUCTS (ID,NAME,DESCRIPTION,IMAGE,PRICE,LENGTH,WIDTH,HEIGHT,WEIGHT,ENABLED,IN_STOCK,BRAND_ID,CATEGORY_ID) values (3,'TAKAI-NOTEPC','究極のスペックを追い求めた一品です。','no-image-600.png',1000000,1,1,1,1,1,1,2,12);
REM INSERTING into SLSHOPV2.PRODUCT_DETAILS
SET DEFINE OFF;
Insert into SLSHOPV2.PRODUCT_DETAILS (ID,NAME,VALUE,PRODUCT_ID) values (1,'色','白',1);
Insert into SLSHOPV2.PRODUCT_DETAILS (ID,NAME,VALUE,PRODUCT_ID) values (2,'プロセッサー','CPU-01',1);
Insert into SLSHOPV2.PRODUCT_DETAILS (ID,NAME,VALUE,PRODUCT_ID) values (3,'メモリ','1MB',1);
Insert into SLSHOPV2.PRODUCT_DETAILS (ID,NAME,VALUE,PRODUCT_ID) values (4,'色','黒',2);
Insert into SLSHOPV2.PRODUCT_DETAILS (ID,NAME,VALUE,PRODUCT_ID) values (5,'プロセッサー','CPU-10',2);
Insert into SLSHOPV2.PRODUCT_DETAILS (ID,NAME,VALUE,PRODUCT_ID) values (6,'メモリ','16GB',2);
Insert into SLSHOPV2.PRODUCT_DETAILS (ID,NAME,VALUE,PRODUCT_ID) values (7,'色','グレー',3);
Insert into SLSHOPV2.PRODUCT_DETAILS (ID,NAME,VALUE,PRODUCT_ID) values (8,'プロセッサー','CPU-99',3);
Insert into SLSHOPV2.PRODUCT_DETAILS (ID,NAME,VALUE,PRODUCT_ID) values (9,'メモリ','1TB',3);
REM INSERTING into SLSHOPV2.ROLES
SET DEFINE OFF;
Insert into SLSHOPV2.ROLES (ID,NAME,DESCRIPTION) values (1,'admin','管理者');
Insert into SLSHOPV2.ROLES (ID,NAME,DESCRIPTION) values (2,'staff','一般社員');
Insert into SLSHOPV2.ROLES (ID,NAME,DESCRIPTION) values (3,'sales','営業');
Insert into SLSHOPV2.ROLES (ID,NAME,DESCRIPTION) values (4,'shipper','運送');
REM INSERTING into SLSHOPV2.USERS
SET DEFINE OFF;
Insert into SLSHOPV2.USERS (ID,EMAIL,PASSWORD,FIRST_NAME,LAST_NAME,PHOTOS,ENABLED) values (1,'admin@example.com','$2a$10$14r4cGT1ZfyvojMGoX7xT.bJoMe.ddBkWCGEASor5UCfNUv3O3TEK','A','管理者','default.png',1);
REM INSERTING into SLSHOPV2.USERS_ROLES
SET DEFINE OFF;
Insert into SLSHOPV2.USERS_ROLES (USER_ID,ROLE_ID) values (1,1);
--------------------------------------------------------
--  DDL for Index UK_T8O6PIVUR7NN124JEHX7CYGW5
--------------------------------------------------------

  CREATE UNIQUE INDEX "SLSHOPV2"."UK_T8O6PIVUR7NN124JEHX7CYGW5" ON "SLSHOPV2"."CATEGORIES" ("NAME") 
  PCTFREE 10 INITRANS 2 MAXTRANS 255 COMPUTE STATISTICS 
  STORAGE(INITIAL 65536 NEXT 1048576 MINEXTENTS 1 MAXEXTENTS 2147483645
  PCTINCREASE 0 FREELISTS 1 FREELIST GROUPS 1 BUFFER_POOL DEFAULT FLASH_CACHE DEFAULT CELL_FLASH_CACHE DEFAULT)
  TABLESPACE "SYSTEM" ;
--------------------------------------------------------
--  DDL for Index UK_RFBVKRFFAMFQL7CJMEN8V976V
--------------------------------------------------------

  CREATE UNIQUE INDEX "SLSHOPV2"."UK_RFBVKRFFAMFQL7CJMEN8V976V" ON "SLSHOPV2"."CUSTOMERS" ("EMAIL") 
  PCTFREE 10 INITRANS 2 MAXTRANS 255 COMPUTE STATISTICS 
  STORAGE(INITIAL 65536 NEXT 1048576 MINEXTENTS 1 MAXEXTENTS 2147483645
  PCTINCREASE 0 FREELISTS 1 FREELIST GROUPS 1 BUFFER_POOL DEFAULT FLASH_CACHE DEFAULT CELL_FLASH_CACHE DEFAULT)
  TABLESPACE "SYSTEM" ;
--------------------------------------------------------
--  DDL for Index UK_O61FMIO5YUKMMIQGNXF8PNAVN
--------------------------------------------------------

  CREATE UNIQUE INDEX "SLSHOPV2"."UK_O61FMIO5YUKMMIQGNXF8PNAVN" ON "SLSHOPV2"."PRODUCTS" ("NAME") 
  PCTFREE 10 INITRANS 2 MAXTRANS 255 COMPUTE STATISTICS 
  STORAGE(INITIAL 65536 NEXT 1048576 MINEXTENTS 1 MAXEXTENTS 2147483645
  PCTINCREASE 0 FREELISTS 1 FREELIST GROUPS 1 BUFFER_POOL DEFAULT FLASH_CACHE DEFAULT CELL_FLASH_CACHE DEFAULT)
  TABLESPACE "SYSTEM" ;
--------------------------------------------------------
--  DDL for Index UK_OFX66KERUAPI6VYQPV6F2OR37
--------------------------------------------------------

  CREATE UNIQUE INDEX "SLSHOPV2"."UK_OFX66KERUAPI6VYQPV6F2OR37" ON "SLSHOPV2"."ROLES" ("NAME") 
  PCTFREE 10 INITRANS 2 MAXTRANS 255 COMPUTE STATISTICS 
  STORAGE(INITIAL 65536 NEXT 1048576 MINEXTENTS 1 MAXEXTENTS 2147483645
  PCTINCREASE 0 FREELISTS 1 FREELIST GROUPS 1 BUFFER_POOL DEFAULT FLASH_CACHE DEFAULT CELL_FLASH_CACHE DEFAULT)
  TABLESPACE "SYSTEM" ;
--------------------------------------------------------
--  DDL for Index UK_OCE3937D2F4MPFQRYCBR0L93M
--------------------------------------------------------

  CREATE UNIQUE INDEX "SLSHOPV2"."UK_OCE3937D2F4MPFQRYCBR0L93M" ON "SLSHOPV2"."BRANDS" ("NAME") 
  PCTFREE 10 INITRANS 2 MAXTRANS 255 COMPUTE STATISTICS 
  STORAGE(INITIAL 65536 NEXT 1048576 MINEXTENTS 1 MAXEXTENTS 2147483645
  PCTINCREASE 0 FREELISTS 1 FREELIST GROUPS 1 BUFFER_POOL DEFAULT FLASH_CACHE DEFAULT CELL_FLASH_CACHE DEFAULT)
  TABLESPACE "SYSTEM" ;
--------------------------------------------------------
--  DDL for Index UK_6DOTKOTT2KJSP8VW4D0M25FB7
--------------------------------------------------------

  CREATE UNIQUE INDEX "SLSHOPV2"."UK_6DOTKOTT2KJSP8VW4D0M25FB7" ON "SLSHOPV2"."USERS" ("EMAIL") 
  PCTFREE 10 INITRANS 2 MAXTRANS 255 COMPUTE STATISTICS 
  STORAGE(INITIAL 65536 NEXT 1048576 MINEXTENTS 1 MAXEXTENTS 2147483645
  PCTINCREASE 0 FREELISTS 1 FREELIST GROUPS 1 BUFFER_POOL DEFAULT FLASH_CACHE DEFAULT CELL_FLASH_CACHE DEFAULT)
  TABLESPACE "SYSTEM" ;
--------------------------------------------------------
--  Constraints for Table CART_ITEMS
--------------------------------------------------------

  ALTER TABLE "SLSHOPV2"."CART_ITEMS" MODIFY ("ID" NOT NULL ENABLE);
  ALTER TABLE "SLSHOPV2"."CART_ITEMS" MODIFY ("QUANTITY" NOT NULL ENABLE);
  ALTER TABLE "SLSHOPV2"."CART_ITEMS" ADD PRIMARY KEY ("ID")
  USING INDEX PCTFREE 10 INITRANS 2 MAXTRANS 255 COMPUTE STATISTICS 
  STORAGE(INITIAL 65536 NEXT 1048576 MINEXTENTS 1 MAXEXTENTS 2147483645
  PCTINCREASE 0 FREELISTS 1 FREELIST GROUPS 1 BUFFER_POOL DEFAULT FLASH_CACHE DEFAULT CELL_FLASH_CACHE DEFAULT)
  TABLESPACE "SYSTEM"  ENABLE;
--------------------------------------------------------
--  Constraints for Table USERS
--------------------------------------------------------

  ALTER TABLE "SLSHOPV2"."USERS" MODIFY ("ID" NOT NULL ENABLE);
  ALTER TABLE "SLSHOPV2"."USERS" MODIFY ("EMAIL" NOT NULL ENABLE);
  ALTER TABLE "SLSHOPV2"."USERS" MODIFY ("ENABLED" NOT NULL ENABLE);
  ALTER TABLE "SLSHOPV2"."USERS" MODIFY ("FIRST_NAME" NOT NULL ENABLE);
  ALTER TABLE "SLSHOPV2"."USERS" MODIFY ("LAST_NAME" NOT NULL ENABLE);
  ALTER TABLE "SLSHOPV2"."USERS" MODIFY ("PASSWORD" NOT NULL ENABLE);
  ALTER TABLE "SLSHOPV2"."USERS" ADD PRIMARY KEY ("ID")
  USING INDEX PCTFREE 10 INITRANS 2 MAXTRANS 255 COMPUTE STATISTICS 
  STORAGE(INITIAL 65536 NEXT 1048576 MINEXTENTS 1 MAXEXTENTS 2147483645
  PCTINCREASE 0 FREELISTS 1 FREELIST GROUPS 1 BUFFER_POOL DEFAULT FLASH_CACHE DEFAULT CELL_FLASH_CACHE DEFAULT)
  TABLESPACE "SYSTEM"  ENABLE;
  ALTER TABLE "SLSHOPV2"."USERS" ADD CONSTRAINT "UK_6DOTKOTT2KJSP8VW4D0M25FB7" UNIQUE ("EMAIL")
  USING INDEX PCTFREE 10 INITRANS 2 MAXTRANS 255 COMPUTE STATISTICS 
  STORAGE(INITIAL 65536 NEXT 1048576 MINEXTENTS 1 MAXEXTENTS 2147483645
  PCTINCREASE 0 FREELISTS 1 FREELIST GROUPS 1 BUFFER_POOL DEFAULT FLASH_CACHE DEFAULT CELL_FLASH_CACHE DEFAULT)
  TABLESPACE "SYSTEM"  ENABLE;
--------------------------------------------------------
--  Constraints for Table ORDER_DETAILS
--------------------------------------------------------

  ALTER TABLE "SLSHOPV2"."ORDER_DETAILS" MODIFY ("ID" NOT NULL ENABLE);
  ALTER TABLE "SLSHOPV2"."ORDER_DETAILS" MODIFY ("PRICE" NOT NULL ENABLE);
  ALTER TABLE "SLSHOPV2"."ORDER_DETAILS" MODIFY ("QUANTITY" NOT NULL ENABLE);
  ALTER TABLE "SLSHOPV2"."ORDER_DETAILS" MODIFY ("SUBTOTAL" NOT NULL ENABLE);
  ALTER TABLE "SLSHOPV2"."ORDER_DETAILS" ADD PRIMARY KEY ("ID")
  USING INDEX PCTFREE 10 INITRANS 2 MAXTRANS 255 COMPUTE STATISTICS 
  STORAGE(INITIAL 65536 NEXT 1048576 MINEXTENTS 1 MAXEXTENTS 2147483645
  PCTINCREASE 0 FREELISTS 1 FREELIST GROUPS 1 BUFFER_POOL DEFAULT FLASH_CACHE DEFAULT CELL_FLASH_CACHE DEFAULT)
  TABLESPACE "SYSTEM"  ENABLE;
--------------------------------------------------------
--  Constraints for Table ADDRESSES
--------------------------------------------------------

  ALTER TABLE "SLSHOPV2"."ADDRESSES" MODIFY ("ID" NOT NULL ENABLE);
  ALTER TABLE "SLSHOPV2"."ADDRESSES" MODIFY ("ADDRESS_LINE_1" NOT NULL ENABLE);
  ALTER TABLE "SLSHOPV2"."ADDRESSES" MODIFY ("CITY" NOT NULL ENABLE);
  ALTER TABLE "SLSHOPV2"."ADDRESSES" MODIFY ("PHONE_NUMBER" NOT NULL ENABLE);
  ALTER TABLE "SLSHOPV2"."ADDRESSES" MODIFY ("POSTAL_CODE" NOT NULL ENABLE);
  ALTER TABLE "SLSHOPV2"."ADDRESSES" MODIFY ("STATE" NOT NULL ENABLE);
  ALTER TABLE "SLSHOPV2"."ADDRESSES" ADD PRIMARY KEY ("ID")
  USING INDEX PCTFREE 10 INITRANS 2 MAXTRANS 255 COMPUTE STATISTICS 
  STORAGE(INITIAL 65536 NEXT 1048576 MINEXTENTS 1 MAXEXTENTS 2147483645
  PCTINCREASE 0 FREELISTS 1 FREELIST GROUPS 1 BUFFER_POOL DEFAULT FLASH_CACHE DEFAULT CELL_FLASH_CACHE DEFAULT)
  TABLESPACE "SYSTEM"  ENABLE;
  ALTER TABLE "SLSHOPV2"."ADDRESSES" MODIFY ("CUSTOMER_ID" NOT NULL ENABLE);
  ALTER TABLE "SLSHOPV2"."ADDRESSES" MODIFY ("DEFAULT_ADDRESS" NOT NULL ENABLE);
--------------------------------------------------------
--  Constraints for Table PRODUCTS
--------------------------------------------------------

  ALTER TABLE "SLSHOPV2"."PRODUCTS" MODIFY ("ID" NOT NULL ENABLE);
  ALTER TABLE "SLSHOPV2"."PRODUCTS" MODIFY ("DESCRIPTION" NOT NULL ENABLE);
  ALTER TABLE "SLSHOPV2"."PRODUCTS" MODIFY ("ENABLED" NOT NULL ENABLE);
  ALTER TABLE "SLSHOPV2"."PRODUCTS" MODIFY ("HEIGHT" NOT NULL ENABLE);
  ALTER TABLE "SLSHOPV2"."PRODUCTS" MODIFY ("IMAGE" NOT NULL ENABLE);
  ALTER TABLE "SLSHOPV2"."PRODUCTS" MODIFY ("LENGTH" NOT NULL ENABLE);
  ALTER TABLE "SLSHOPV2"."PRODUCTS" MODIFY ("NAME" NOT NULL ENABLE);
  ALTER TABLE "SLSHOPV2"."PRODUCTS" MODIFY ("PRICE" NOT NULL ENABLE);
  ALTER TABLE "SLSHOPV2"."PRODUCTS" MODIFY ("WEIGHT" NOT NULL ENABLE);
  ALTER TABLE "SLSHOPV2"."PRODUCTS" MODIFY ("WIDTH" NOT NULL ENABLE);
  ALTER TABLE "SLSHOPV2"."PRODUCTS" ADD PRIMARY KEY ("ID")
  USING INDEX PCTFREE 10 INITRANS 2 MAXTRANS 255 COMPUTE STATISTICS 
  STORAGE(INITIAL 65536 NEXT 1048576 MINEXTENTS 1 MAXEXTENTS 2147483645
  PCTINCREASE 0 FREELISTS 1 FREELIST GROUPS 1 BUFFER_POOL DEFAULT FLASH_CACHE DEFAULT CELL_FLASH_CACHE DEFAULT)
  TABLESPACE "SYSTEM"  ENABLE;
  ALTER TABLE "SLSHOPV2"."PRODUCTS" ADD CONSTRAINT "UK_O61FMIO5YUKMMIQGNXF8PNAVN" UNIQUE ("NAME")
  USING INDEX PCTFREE 10 INITRANS 2 MAXTRANS 255 COMPUTE STATISTICS 
  STORAGE(INITIAL 65536 NEXT 1048576 MINEXTENTS 1 MAXEXTENTS 2147483645
  PCTINCREASE 0 FREELISTS 1 FREELIST GROUPS 1 BUFFER_POOL DEFAULT FLASH_CACHE DEFAULT CELL_FLASH_CACHE DEFAULT)
  TABLESPACE "SYSTEM"  ENABLE;
--------------------------------------------------------
--  Constraints for Table PRODUCT_DETAILS
--------------------------------------------------------

  ALTER TABLE "SLSHOPV2"."PRODUCT_DETAILS" MODIFY ("ID" NOT NULL ENABLE);
  ALTER TABLE "SLSHOPV2"."PRODUCT_DETAILS" MODIFY ("NAME" NOT NULL ENABLE);
  ALTER TABLE "SLSHOPV2"."PRODUCT_DETAILS" MODIFY ("VALUE" NOT NULL ENABLE);
  ALTER TABLE "SLSHOPV2"."PRODUCT_DETAILS" ADD PRIMARY KEY ("ID")
  USING INDEX PCTFREE 10 INITRANS 2 MAXTRANS 255 COMPUTE STATISTICS 
  STORAGE(INITIAL 65536 NEXT 1048576 MINEXTENTS 1 MAXEXTENTS 2147483645
  PCTINCREASE 0 FREELISTS 1 FREELIST GROUPS 1 BUFFER_POOL DEFAULT FLASH_CACHE DEFAULT CELL_FLASH_CACHE DEFAULT)
  TABLESPACE "SYSTEM"  ENABLE;
--------------------------------------------------------
--  Constraints for Table BRANDS_CATEGORIES
--------------------------------------------------------

  ALTER TABLE "SLSHOPV2"."BRANDS_CATEGORIES" MODIFY ("BRAND_ID" NOT NULL ENABLE);
  ALTER TABLE "SLSHOPV2"."BRANDS_CATEGORIES" MODIFY ("CATEGORY_ID" NOT NULL ENABLE);
  ALTER TABLE "SLSHOPV2"."BRANDS_CATEGORIES" ADD PRIMARY KEY ("BRAND_ID", "CATEGORY_ID")
  USING INDEX PCTFREE 10 INITRANS 2 MAXTRANS 255 COMPUTE STATISTICS 
  STORAGE(INITIAL 65536 NEXT 1048576 MINEXTENTS 1 MAXEXTENTS 2147483645
  PCTINCREASE 0 FREELISTS 1 FREELIST GROUPS 1 BUFFER_POOL DEFAULT FLASH_CACHE DEFAULT CELL_FLASH_CACHE DEFAULT)
  TABLESPACE "SYSTEM"  ENABLE;
--------------------------------------------------------
--  Constraints for Table BRANDS
--------------------------------------------------------

  ALTER TABLE "SLSHOPV2"."BRANDS" MODIFY ("ID" NOT NULL ENABLE);
  ALTER TABLE "SLSHOPV2"."BRANDS" MODIFY ("LOGO" NOT NULL ENABLE);
  ALTER TABLE "SLSHOPV2"."BRANDS" MODIFY ("NAME" NOT NULL ENABLE);
  ALTER TABLE "SLSHOPV2"."BRANDS" ADD PRIMARY KEY ("ID")
  USING INDEX PCTFREE 10 INITRANS 2 MAXTRANS 255 COMPUTE STATISTICS 
  STORAGE(INITIAL 65536 NEXT 1048576 MINEXTENTS 1 MAXEXTENTS 2147483645
  PCTINCREASE 0 FREELISTS 1 FREELIST GROUPS 1 BUFFER_POOL DEFAULT FLASH_CACHE DEFAULT CELL_FLASH_CACHE DEFAULT)
  TABLESPACE "SYSTEM"  ENABLE;
  ALTER TABLE "SLSHOPV2"."BRANDS" ADD CONSTRAINT "UK_OCE3937D2F4MPFQRYCBR0L93M" UNIQUE ("NAME")
  USING INDEX PCTFREE 10 INITRANS 2 MAXTRANS 255 COMPUTE STATISTICS 
  STORAGE(INITIAL 65536 NEXT 1048576 MINEXTENTS 1 MAXEXTENTS 2147483645
  PCTINCREASE 0 FREELISTS 1 FREELIST GROUPS 1 BUFFER_POOL DEFAULT FLASH_CACHE DEFAULT CELL_FLASH_CACHE DEFAULT)
  TABLESPACE "SYSTEM"  ENABLE;
--------------------------------------------------------
--  Constraints for Table CATEGORIES
--------------------------------------------------------

  ALTER TABLE "SLSHOPV2"."CATEGORIES" MODIFY ("ID" NOT NULL ENABLE);
  ALTER TABLE "SLSHOPV2"."CATEGORIES" MODIFY ("IMAGE" NOT NULL ENABLE);
  ALTER TABLE "SLSHOPV2"."CATEGORIES" MODIFY ("NAME" NOT NULL ENABLE);
  ALTER TABLE "SLSHOPV2"."CATEGORIES" ADD PRIMARY KEY ("ID")
  USING INDEX PCTFREE 10 INITRANS 2 MAXTRANS 255 COMPUTE STATISTICS 
  STORAGE(INITIAL 65536 NEXT 1048576 MINEXTENTS 1 MAXEXTENTS 2147483645
  PCTINCREASE 0 FREELISTS 1 FREELIST GROUPS 1 BUFFER_POOL DEFAULT FLASH_CACHE DEFAULT CELL_FLASH_CACHE DEFAULT)
  TABLESPACE "SYSTEM"  ENABLE;
  ALTER TABLE "SLSHOPV2"."CATEGORIES" ADD CONSTRAINT "UK_T8O6PIVUR7NN124JEHX7CYGW5" UNIQUE ("NAME")
  USING INDEX PCTFREE 10 INITRANS 2 MAXTRANS 255 COMPUTE STATISTICS 
  STORAGE(INITIAL 65536 NEXT 1048576 MINEXTENTS 1 MAXEXTENTS 2147483645
  PCTINCREASE 0 FREELISTS 1 FREELIST GROUPS 1 BUFFER_POOL DEFAULT FLASH_CACHE DEFAULT CELL_FLASH_CACHE DEFAULT)
  TABLESPACE "SYSTEM"  ENABLE;
--------------------------------------------------------
--  Constraints for Table ROLES
--------------------------------------------------------

  ALTER TABLE "SLSHOPV2"."ROLES" MODIFY ("ID" NOT NULL ENABLE);
  ALTER TABLE "SLSHOPV2"."ROLES" MODIFY ("DESCRIPTION" NOT NULL ENABLE);
  ALTER TABLE "SLSHOPV2"."ROLES" MODIFY ("NAME" NOT NULL ENABLE);
  ALTER TABLE "SLSHOPV2"."ROLES" ADD PRIMARY KEY ("ID")
  USING INDEX PCTFREE 10 INITRANS 2 MAXTRANS 255 COMPUTE STATISTICS 
  STORAGE(INITIAL 65536 NEXT 1048576 MINEXTENTS 1 MAXEXTENTS 2147483645
  PCTINCREASE 0 FREELISTS 1 FREELIST GROUPS 1 BUFFER_POOL DEFAULT FLASH_CACHE DEFAULT CELL_FLASH_CACHE DEFAULT)
  TABLESPACE "SYSTEM"  ENABLE;
  ALTER TABLE "SLSHOPV2"."ROLES" ADD CONSTRAINT "UK_OFX66KERUAPI6VYQPV6F2OR37" UNIQUE ("NAME")
  USING INDEX PCTFREE 10 INITRANS 2 MAXTRANS 255 COMPUTE STATISTICS 
  STORAGE(INITIAL 65536 NEXT 1048576 MINEXTENTS 1 MAXEXTENTS 2147483645
  PCTINCREASE 0 FREELISTS 1 FREELIST GROUPS 1 BUFFER_POOL DEFAULT FLASH_CACHE DEFAULT CELL_FLASH_CACHE DEFAULT)
  TABLESPACE "SYSTEM"  ENABLE;
--------------------------------------------------------
--  Constraints for Table CUSTOMERS
--------------------------------------------------------

  ALTER TABLE "SLSHOPV2"."CUSTOMERS" MODIFY ("ID" NOT NULL ENABLE);
  ALTER TABLE "SLSHOPV2"."CUSTOMERS" MODIFY ("EMAIL" NOT NULL ENABLE);
  ALTER TABLE "SLSHOPV2"."CUSTOMERS" MODIFY ("ENABLED" NOT NULL ENABLE);
  ALTER TABLE "SLSHOPV2"."CUSTOMERS" MODIFY ("FIRST_NAME" NOT NULL ENABLE);
  ALTER TABLE "SLSHOPV2"."CUSTOMERS" MODIFY ("LAST_NAME" NOT NULL ENABLE);
  ALTER TABLE "SLSHOPV2"."CUSTOMERS" MODIFY ("PASSWORD" NOT NULL ENABLE);
  ALTER TABLE "SLSHOPV2"."CUSTOMERS" ADD PRIMARY KEY ("ID")
  USING INDEX PCTFREE 10 INITRANS 2 MAXTRANS 255 COMPUTE STATISTICS 
  STORAGE(INITIAL 65536 NEXT 1048576 MINEXTENTS 1 MAXEXTENTS 2147483645
  PCTINCREASE 0 FREELISTS 1 FREELIST GROUPS 1 BUFFER_POOL DEFAULT FLASH_CACHE DEFAULT CELL_FLASH_CACHE DEFAULT)
  TABLESPACE "SYSTEM"  ENABLE;
  ALTER TABLE "SLSHOPV2"."CUSTOMERS" ADD CONSTRAINT "UK_RFBVKRFFAMFQL7CJMEN8V976V" UNIQUE ("EMAIL")
  USING INDEX PCTFREE 10 INITRANS 2 MAXTRANS 255 COMPUTE STATISTICS 
  STORAGE(INITIAL 65536 NEXT 1048576 MINEXTENTS 1 MAXEXTENTS 2147483645
  PCTINCREASE 0 FREELISTS 1 FREELIST GROUPS 1 BUFFER_POOL DEFAULT FLASH_CACHE DEFAULT CELL_FLASH_CACHE DEFAULT)
  TABLESPACE "SYSTEM"  ENABLE;
--------------------------------------------------------
--  Constraints for Table USERS_ROLES
--------------------------------------------------------

  ALTER TABLE "SLSHOPV2"."USERS_ROLES" MODIFY ("USER_ID" NOT NULL ENABLE);
  ALTER TABLE "SLSHOPV2"."USERS_ROLES" MODIFY ("ROLE_ID" NOT NULL ENABLE);
  ALTER TABLE "SLSHOPV2"."USERS_ROLES" ADD PRIMARY KEY ("USER_ID", "ROLE_ID")
  USING INDEX PCTFREE 10 INITRANS 2 MAXTRANS 255 COMPUTE STATISTICS 
  STORAGE(INITIAL 65536 NEXT 1048576 MINEXTENTS 1 MAXEXTENTS 2147483645
  PCTINCREASE 0 FREELISTS 1 FREELIST GROUPS 1 BUFFER_POOL DEFAULT FLASH_CACHE DEFAULT CELL_FLASH_CACHE DEFAULT)
  TABLESPACE "SYSTEM"  ENABLE;
--------------------------------------------------------
--  Constraints for Table ORDERS
--------------------------------------------------------

  ALTER TABLE "SLSHOPV2"."ORDERS" MODIFY ("ID" NOT NULL ENABLE);
  ALTER TABLE "SLSHOPV2"."ORDERS" MODIFY ("DELIVER_DAYS" NOT NULL ENABLE);
  ALTER TABLE "SLSHOPV2"."ORDERS" MODIFY ("TOTAL" NOT NULL ENABLE);
  ALTER TABLE "SLSHOPV2"."ORDERS" ADD PRIMARY KEY ("ID")
  USING INDEX PCTFREE 10 INITRANS 2 MAXTRANS 255 COMPUTE STATISTICS 
  STORAGE(INITIAL 65536 NEXT 1048576 MINEXTENTS 1 MAXEXTENTS 2147483645
  PCTINCREASE 0 FREELISTS 1 FREELIST GROUPS 1 BUFFER_POOL DEFAULT FLASH_CACHE DEFAULT CELL_FLASH_CACHE DEFAULT)
  TABLESPACE "SYSTEM"  ENABLE;
--------------------------------------------------------
--  Constraints for Table ORDER_TRACK
--------------------------------------------------------

  ALTER TABLE "SLSHOPV2"."ORDER_TRACK" MODIFY ("ID" NOT NULL ENABLE);
  ALTER TABLE "SLSHOPV2"."ORDER_TRACK" MODIFY ("STATUS" NOT NULL ENABLE);
  ALTER TABLE "SLSHOPV2"."ORDER_TRACK" ADD PRIMARY KEY ("ID")
  USING INDEX PCTFREE 10 INITRANS 2 MAXTRANS 255 COMPUTE STATISTICS 
  STORAGE(INITIAL 65536 NEXT 1048576 MINEXTENTS 1 MAXEXTENTS 2147483645
  PCTINCREASE 0 FREELISTS 1 FREELIST GROUPS 1 BUFFER_POOL DEFAULT FLASH_CACHE DEFAULT CELL_FLASH_CACHE DEFAULT)
  TABLESPACE "SYSTEM"  ENABLE;
--------------------------------------------------------
--  Ref Constraints for Table ADDRESSES
--------------------------------------------------------

  ALTER TABLE "SLSHOPV2"."ADDRESSES" ADD CONSTRAINT "FKHRPF5E8DWASVDC5CTICYSRT2K" FOREIGN KEY ("CUSTOMER_ID")
	  REFERENCES "SLSHOPV2"."CUSTOMERS" ("ID") ENABLE;
--------------------------------------------------------
--  Ref Constraints for Table BRANDS_CATEGORIES
--------------------------------------------------------

  ALTER TABLE "SLSHOPV2"."BRANDS_CATEGORIES" ADD CONSTRAINT "FK58KSMICDGUVU4D7B6YGLGQVXO" FOREIGN KEY ("BRAND_ID")
	  REFERENCES "SLSHOPV2"."BRANDS" ("ID") ENABLE;
  ALTER TABLE "SLSHOPV2"."BRANDS_CATEGORIES" ADD CONSTRAINT "FK6X68TJJ3EAY19SKQLHN7LS6AI" FOREIGN KEY ("CATEGORY_ID")
	  REFERENCES "SLSHOPV2"."CATEGORIES" ("ID") ENABLE;
--------------------------------------------------------
--  Ref Constraints for Table CART_ITEMS
--------------------------------------------------------

  ALTER TABLE "SLSHOPV2"."CART_ITEMS" ADD CONSTRAINT "FK1RE40CJEGSFVW58XRKDP6BAC6" FOREIGN KEY ("PRODUCT_ID")
	  REFERENCES "SLSHOPV2"."PRODUCTS" ("ID") ENABLE;
  ALTER TABLE "SLSHOPV2"."CART_ITEMS" ADD CONSTRAINT "FKDAGCSK6V6X4N1KXW3RKP57921" FOREIGN KEY ("CUSTOMER_ID")
	  REFERENCES "SLSHOPV2"."CUSTOMERS" ("ID") ENABLE;
--------------------------------------------------------
--  Ref Constraints for Table CATEGORIES
--------------------------------------------------------

  ALTER TABLE "SLSHOPV2"."CATEGORIES" ADD CONSTRAINT "FKSAOK720GSU4U2WRGBK10B5N8D" FOREIGN KEY ("PARENT_ID")
	  REFERENCES "SLSHOPV2"."CATEGORIES" ("ID") ENABLE;
--------------------------------------------------------
--  Ref Constraints for Table ORDERS
--------------------------------------------------------

  ALTER TABLE "SLSHOPV2"."ORDERS" ADD CONSTRAINT "FKPXTB8AWMI0DK6SMOH2VP1LITG" FOREIGN KEY ("CUSTOMER_ID")
	  REFERENCES "SLSHOPV2"."CUSTOMERS" ("ID") ENABLE;
--------------------------------------------------------
--  Ref Constraints for Table ORDER_DETAILS
--------------------------------------------------------

  ALTER TABLE "SLSHOPV2"."ORDER_DETAILS" ADD CONSTRAINT "FK4Q98UTPD73IMF4YHTTM3W0EAX" FOREIGN KEY ("PRODUCT_ID")
	  REFERENCES "SLSHOPV2"."PRODUCTS" ("ID") ENABLE;
  ALTER TABLE "SLSHOPV2"."ORDER_DETAILS" ADD CONSTRAINT "FKJYU2QBQT8GNVNO9OE9J2S2LDK" FOREIGN KEY ("ORDER_ID")
	  REFERENCES "SLSHOPV2"."ORDERS" ("ID") ENABLE;
--------------------------------------------------------
--  Ref Constraints for Table ORDER_TRACK
--------------------------------------------------------

  ALTER TABLE "SLSHOPV2"."ORDER_TRACK" ADD CONSTRAINT "FK31JV1S212KAJFN3KK1KSMNYFL" FOREIGN KEY ("ORDER_ID")
	  REFERENCES "SLSHOPV2"."ORDERS" ("ID") ENABLE;
--------------------------------------------------------
--  Ref Constraints for Table PRODUCTS
--------------------------------------------------------

  ALTER TABLE "SLSHOPV2"."PRODUCTS" ADD CONSTRAINT "FKA3A4MPSFDF4D2Y6R8RA3SC8MV" FOREIGN KEY ("BRAND_ID")
	  REFERENCES "SLSHOPV2"."BRANDS" ("ID") ENABLE;
  ALTER TABLE "SLSHOPV2"."PRODUCTS" ADD CONSTRAINT "FKOG2RP4QTHBTT2LFYHFO32LSW9" FOREIGN KEY ("CATEGORY_ID")
	  REFERENCES "SLSHOPV2"."CATEGORIES" ("ID") ENABLE;
--------------------------------------------------------
--  Ref Constraints for Table PRODUCT_DETAILS
--------------------------------------------------------

  ALTER TABLE "SLSHOPV2"."PRODUCT_DETAILS" ADD CONSTRAINT "FKNFVVQ3MEG4HA3U1BJU9K4IS3R" FOREIGN KEY ("PRODUCT_ID")
	  REFERENCES "SLSHOPV2"."PRODUCTS" ("ID") ENABLE;
--------------------------------------------------------
--  Ref Constraints for Table USERS_ROLES
--------------------------------------------------------

  ALTER TABLE "SLSHOPV2"."USERS_ROLES" ADD CONSTRAINT "FK2O0JVGH89LEMVVO17CBQVDXAA" FOREIGN KEY ("USER_ID")
	  REFERENCES "SLSHOPV2"."USERS" ("ID") ENABLE;
  ALTER TABLE "SLSHOPV2"."USERS_ROLES" ADD CONSTRAINT "FKJ6M8FWV7OQV74FCEHIR1A9FFY" FOREIGN KEY ("ROLE_ID")
	  REFERENCES "SLSHOPV2"."ROLES" ("ID") ENABLE;
